item,call_id,recorded_answer,kind,source_file
A1,1,25,integer,C-r1-A1.json
B01,1,25,integer,C-r1-B01.json
B02,1,ALWAYS,sentinel,C-r1-B02.json
B04,1,10,integer,C-r1-B04.json
B05,1,33,integer,C-r1-B05.json
B07,1,40,integer,C-r1-B07.json
C1,1,68,integer,C-r1-C1.json
C2,1,72,integer,C-r1-C2.json
C3,1,35,integer,C-r1-C3.json
C4,1,70,integer,C-r1-C4.json
D1,1,20,integer,C-r1-D1.json
D3,1,25,integer,C-r1-D3.json
E01,1,10,integer,C-r1-E01.json
E02,1,12,integer,C-r1-E02.json
N1,1,30,integer,C-r1-N1.json
N3,1,40,integer,C-r1-N3.json
N4,1,37,integer,C-r1-N4.json
N8,1,50,integer,C-r1-N8.json
N9,1,20,integer,C-r1-N9.json
P2,1,30,integer,C-r1-P2.json
R1,1,92,integer,C-r1-R1.json
R2,1,1,integer,C-r1-R2.json
A1,10,20,integer,C-r10-A1.json
B01,10,25,integer,C-r10-B01.json
B02,10,ALWAYS,sentinel,C-r10-B02.json
B04,10,1,integer,C-r10-B04.json
B05,10,ALWAYS,sentinel,C-r10-B05.json
B07,10,30,integer,C-r10-B07.json
C1,10,38,integer,C-r10-C1.json
C2,10,72,integer,C-r10-C2.json
C3,10,30,integer,C-r10-C3.json
C4,10,65,integer,C-r10-C4.json
D1,10,25,integer,C-r10-D1.json
D3,10,30,integer,C-r10-D3.json
E01,10,20,integer,C-r10-E01.json
E02,10,12,integer,C-r10-E02.json
N1,10,70,integer,C-r10-N1.json
N3,10,62,integer,C-r10-N3.json
N4,10,38,integer,C-r10-N4.json
N8,10,50,integer,C-r10-N8.json
N9,10,10,integer,C-r10-N9.json
P2,10,38,integer,C-r10-P2.json
R1,10,97,integer,C-r10-R1.json
R2,10,1,integer,C-r10-R2.json
A1,2,30,integer,C-r2-A1.json
B01,2,35,integer,C-r2-B01.json
B02,2,ALWAYS,sentinel,C-r2-B02.json
B04,2,5,integer,C-r2-B04.json
B05,2,30,integer,C-r2-B05.json
B07,2,35,integer,C-r2-B07.json
C1,2,32,integer,C-r2-C1.json
C2,2,75,integer,C-r2-C2.json
C3,2,25,integer,C-r2-C3.json
C4,2,65,integer,C-r2-C4.json
D1,2,10,integer,C-r2-D1.json
D3,2,30,integer,C-r2-D3.json
E01,2,10,integer,C-r2-E01.json
E02,2,20,integer,C-r2-E02.json
N1,2,72,integer,C-r2-N1.json
N3,2,72,integer,C-r2-N3.json
N4,2,25,integer,C-r2-N4.json
N8,2,50,integer,C-r2-N8.json
N9,2,25,integer,C-r2-N9.json
P2,2,38,integer,C-r2-P2.json
R1,2,87,integer,C-r2-R1.json
R2,2,2,integer,C-r2-R2.json
A1,3,NEVER,sentinel,C-r3-A1.json
B01,3,40,integer,C-r3-B01.json
B02,3,ALWAYS,sentinel,C-r3-B02.json
B04,3,5,integer,C-r3-B04.json
B05,3,15,integer,C-r3-B05.json
B07,3,40,integer,C-r3-B07.json
C1,3,38,integer,C-r3-C1.json
C2,3,68,integer,C-r3-C2.json
C3,3,28,integer,C-r3-C3.json
C4,3,65,integer,C-r3-C4.json
D1,3,15,integer,C-r3-D1.json
D3,3,20,integer,C-r3-D3.json
E01,3,15,integer,C-r3-E01.json
E02,3,20,integer,C-r3-E02.json
N1,3,68,integer,C-r3-N1.json
N3,3,35,integer,C-r3-N3.json
N4,3,35,integer,C-r3-N4.json
N8,3,50,integer,C-r3-N8.json
N9,3,25,integer,C-r3-N9.json
P2,3,67,integer,C-r3-P2.json
R1,3,87,integer,C-r3-R1.json
R2,3,1,integer,C-r3-R2.json
A1,4,NEVER,sentinel,C-r4-A1.json
B01,4,40,integer,C-r4-B01.json
B02,4,ALWAYS,sentinel,C-r4-B02.json
B04,4,5,integer,C-r4-B04.json
B05,4,50,integer,C-r4-B05.json
B07,4,25,integer,C-r4-B07.json
C1,4,38,integer,C-r4-C1.json
C2,4,72,integer,C-r4-C2.json
C3,4,28,integer,C-r4-C3.json
C4,4,65,integer,C-r4-C4.json
D1,4,12,integer,C-r4-D1.json
D3,4,40,integer,C-r4-D3.json
E01,4,20,integer,C-r4-E01.json
E02,4,25,integer,C-r4-E02.json
N1,4,38,integer,C-r4-N1.json
N3,4,68,integer,C-r4-N3.json
N4,4,35,integer,C-r4-N4.json
N8,4,50,integer,C-r4-N8.json
N9,4,25,integer,C-r4-N9.json
P2,4,38,integer,C-r4-P2.json
R1,4,95,integer,C-r4-R1.json
R2,4,1,integer,C-r4-R2.json
A1,5,ALWAYS,sentinel,C-r5-A1.json
B01,5,30,integer,C-r5-B01.json
B02,5,ALWAYS,sentinel,C-r5-B02.json
B04,5,ALWAYS,sentinel,C-r5-B04.json
B05,5,25,integer,C-r5-B05.json
B07,5,40,integer,C-r5-B07.json
C1,5,68,integer,C-r5-C1.json
C2,5,70,integer,C-r5-C2.json
C3,5,25,integer,C-r5-C3.json
C4,5,70,integer,C-r5-C4.json
D1,5,15,integer,C-r5-D1.json
D3,5,35,integer,C-r5-D3.json
E01,5,20,integer,C-r5-E01.json
E02,5,20,integer,C-r5-E02.json
N1,5,70,integer,C-r5-N1.json
N3,5,40,integer,C-r5-N3.json
N4,5,40,integer,C-r5-N4.json
N8,5,50,integer,C-r5-N8.json
N9,5,25,integer,C-r5-N9.json
P2,5,30,integer,C-r5-P2.json
R1,5,95,integer,C-r5-R1.json
R2,5,2,integer,C-r5-R2.json
A1,6,NEVER,sentinel,C-r6-A1.json
B01,6,75,integer,C-r6-B01.json
B02,6,ALWAYS,sentinel,C-r6-B02.json
B04,6,ALWAYS,sentinel,C-r6-B04.json
B05,6,60,integer,C-r6-B05.json
B07,6,35,integer,C-r6-B07.json
C1,6,38,integer,C-r6-C1.json
C2,6,67,integer,C-r6-C2.json
C3,6,25,integer,C-r6-C3.json
C4,6,60,integer,C-r6-C4.json
D1,6,20,integer,C-r6-D1.json
D3,6,25,integer,C-r6-D3.json
E01,6,10,integer,C-r6-E01.json
E02,6,15,integer,C-r6-E02.json
N1,6,32,integer,C-r6-N1.json
N3,6,60,integer,C-r6-N3.json
N4,6,35,integer,C-r6-N4.json
N8,6,50,integer,C-r6-N8.json
N9,6,20,integer,C-r6-N9.json
P2,6,40,integer,C-r6-P2.json
R1,6,97,integer,C-r6-R1.json
R2,6,1,integer,C-r6-R2.json
A1,7,50,integer,C-r7-A1.json
B01,7,50,integer,C-r7-B01.json
B02,7,ALWAYS,sentinel,C-r7-B02.json
B04,7,ALWAYS,sentinel,C-r7-B04.json
B05,7,30,integer,C-r7-B05.json
B07,7,40,integer,C-r7-B07.json
C1,7,38,integer,C-r7-C1.json
C2,7,68,integer,C-r7-C2.json
C3,7,45,integer,C-r7-C3.json
C4,7,65,integer,C-r7-C4.json
D1,7,15,integer,C-r7-D1.json
D3,7,20,integer,C-r7-D3.json
E01,7,20,integer,C-r7-E01.json
E02,7,25,integer,C-r7-E02.json
N1,7,68,integer,C-r7-N1.json
N3,7,65,integer,C-r7-N3.json
N4,7,30,integer,C-r7-N4.json
N8,7,50,integer,C-r7-N8.json
N9,7,20,integer,C-r7-N9.json
P2,7,35,integer,C-r7-P2.json
R1,7,95,integer,C-r7-R1.json
R2,7,1,integer,C-r7-R2.json
A1,8,ALWAYS,sentinel,C-r8-A1.json
B01,8,35,integer,C-r8-B01.json
B02,8,ALWAYS,sentinel,C-r8-B02.json
B04,8,10,integer,C-r8-B04.json
B05,8,30,integer,C-r8-B05.json
B07,8,30,integer,C-r8-B07.json
C1,8,42,integer,C-r8-C1.json
C2,8,72,integer,C-r8-C2.json
C3,8,28,integer,C-r8-C3.json
C4,8,72,integer,C-r8-C4.json
D1,8,15,integer,C-r8-D1.json
D3,8,25,integer,C-r8-D3.json
E01,8,8,integer,C-r8-E01.json
E02,8,10,integer,C-r8-E02.json
N1,8,70,integer,C-r8-N1.json
N3,8,75,integer,C-r8-N3.json
N4,8,35,integer,C-r8-N4.json
N8,8,50,integer,C-r8-N8.json
N9,8,25,integer,C-r8-N9.json
P2,8,68,integer,C-r8-P2.json
R1,8,95,integer,C-r8-R1.json
R2,8,1,integer,C-r8-R2.json
A1,9,ALWAYS,sentinel,C-r9-A1.json
B01,9,50,integer,C-r9-B01.json
B02,9,20,integer,C-r9-B02.json
B04,9,1,integer,C-r9-B04.json
B05,9,25,integer,C-r9-B05.json
B07,9,35,integer,C-r9-B07.json
C1,9,30,integer,C-r9-C1.json
C2,9,72,integer,C-r9-C2.json
C3,9,30,integer,C-r9-C3.json
C4,9,68,integer,C-r9-C4.json
D1,9,12,integer,C-r9-D1.json
D3,9,35,integer,C-r9-D3.json
E01,9,10,integer,C-r9-E01.json
E02,9,12,integer,C-r9-E02.json
N1,9,42,integer,C-r9-N1.json
N3,9,40,integer,C-r9-N3.json
N4,9,35,integer,C-r9-N4.json
N8,9,50,integer,C-r9-N8.json
N9,9,15,integer,C-r9-N9.json
P2,9,35,integer,C-r9-P2.json
R1,9,93,integer,C-r9-R1.json
R2,9,2,integer,C-r9-R2.json
