trunk,name,family,history_id,arm,item,t6,t9,delta,t6_source,t9_source
CP-r1,Cipher,CP,1,0,E01,32,71.0,39.0,https://github.com/YeshuaGod22/DevelopmentalAttractorEngineering/blob/787d3e217a5a23564fcf65c60e9e3fc7ad43db75/experiments/EXP-003-the-sixth-question/raw12/CP0-r1-E01-at-t6.json,https://github.com/YeshuaGod22/DevelopmentalAttractorEngineering/blob/787d3e217a5a23564fcf65c60e9e3fc7ad43db75/experiments/EXP-003-the-sixth-question/raw12/CP0-r1-E01.json
CP-r1,Cipher,CP,1,0,N9,23,35.0,12.0,https://github.com/YeshuaGod22/DevelopmentalAttractorEngineering/blob/787d3e217a5a23564fcf65c60e9e3fc7ad43db75/experiments/EXP-003-the-sixth-question/raw12/CP0-r1-N9-at-t6.json,https://github.com/YeshuaGod22/DevelopmentalAttractorEngineering/blob/787d3e217a5a23564fcf65c60e9e3fc7ad43db75/experiments/EXP-003-the-sixth-question/raw12/CP0-r1-N9.json
CP-r1,Cipher,CP,1,0,C2,80,78.0,-2.0,https://github.com/YeshuaGod22/DevelopmentalAttractorEngineering/blob/787d3e217a5a23564fcf65c60e9e3fc7ad43db75/experiments/EXP-003-the-sixth-question/raw12/CP0-r1-C2-at-t6.json,https://github.com/YeshuaGod22/DevelopmentalAttractorEngineering/blob/787d3e217a5a23564fcf65c60e9e3fc7ad43db75/experiments/EXP-003-the-sixth-question/raw12/CP0-r1-C2.json
CP-r1,Cipher,CP,1,0,E02,28,23.0,-5.0,https://github.com/YeshuaGod22/DevelopmentalAttractorEngineering/blob/787d3e217a5a23564fcf65c60e9e3fc7ad43db75/experiments/EXP-003-the-sixth-question/raw12/CP0-r1-E02-at-t6.json,https://github.com/YeshuaGod22/DevelopmentalAttractorEngineering/blob/787d3e217a5a23564fcf65c60e9e3fc7ad43db75/experiments/EXP-003-the-sixth-question/raw12/CP0-r1-E02.json
CP-r1,Cipher,CP,1,0,R1,73,87.0,14.0,https://github.com/YeshuaGod22/DevelopmentalAttractorEngineering/blob/787d3e217a5a23564fcf65c60e9e3fc7ad43db75/experiments/EXP-003-the-sixth-question/raw12/CP0-r1-R1-at-t6.json,https://github.com/YeshuaGod22/DevelopmentalAttractorEngineering/blob/787d3e217a5a23564fcf65c60e9e3fc7ad43db75/experiments/EXP-003-the-sixth-question/raw12/CP0-r1-R1.json
CP-r1,Cipher,CP,1,a,E01,55,65.0,10.0,https://github.com/YeshuaGod22/DevelopmentalAttractorEngineering/blob/787d3e217a5a23564fcf65c60e9e3fc7ad43db75/experiments/EXP-003-the-sixth-question/raw12/CPa-r1-E01-at-t6.json,https://github.com/YeshuaGod22/DevelopmentalAttractorEngineering/blob/787d3e217a5a23564fcf65c60e9e3fc7ad43db75/experiments/EXP-003-the-sixth-question/raw12/CPa-r1-E01.json
CP-r1,Cipher,CP,1,a,N9,37,42.0,5.0,https://github.com/YeshuaGod22/DevelopmentalAttractorEngineering/blob/787d3e217a5a23564fcf65c60e9e3fc7ad43db75/experiments/EXP-003-the-sixth-question/raw12/CPa-r1-N9-at-t6.json,https://github.com/YeshuaGod22/DevelopmentalAttractorEngineering/blob/787d3e217a5a23564fcf65c60e9e3fc7ad43db75/experiments/EXP-003-the-sixth-question/raw12/CPa-r1-N9.json
CP-r1,Cipher,CP,1,a,C2,65,75.0,10.0,https://github.com/YeshuaGod22/DevelopmentalAttractorEngineering/blob/787d3e217a5a23564fcf65c60e9e3fc7ad43db75/experiments/EXP-003-the-sixth-question/raw12/CPa-r1-C2-at-t6.json,https://github.com/YeshuaGod22/DevelopmentalAttractorEngineering/blob/787d3e217a5a23564fcf65c60e9e3fc7ad43db75/experiments/EXP-003-the-sixth-question/raw12/CPa-r1-C2.json
CP-r1,Cipher,CP,1,a,E02,30,25.0,-5.0,https://github.com/YeshuaGod22/DevelopmentalAttractorEngineering/blob/787d3e217a5a23564fcf65c60e9e3fc7ad43db75/experiments/EXP-003-the-sixth-question/raw12/CPa-r1-E02-at-t6.json,https://github.com/YeshuaGod22/DevelopmentalAttractorEngineering/blob/787d3e217a5a23564fcf65c60e9e3fc7ad43db75/experiments/EXP-003-the-sixth-question/raw12/CPa-r1-E02.json
CP-r1,Cipher,CP,1,a,R1,75,90.0,15.0,https://github.com/YeshuaGod22/DevelopmentalAttractorEngineering/blob/787d3e217a5a23564fcf65c60e9e3fc7ad43db75/experiments/EXP-003-the-sixth-question/raw12/CPa-r1-R1-at-t6.json,https://github.com/YeshuaGod22/DevelopmentalAttractorEngineering/blob/787d3e217a5a23564fcf65c60e9e3fc7ad43db75/experiments/EXP-003-the-sixth-question/raw12/CPa-r1-R1.json
CP-r2,Clarion,CP,2,0,E01,25,42.0,17.0,https://github.com/YeshuaGod22/DevelopmentalAttractorEngineering/blob/787d3e217a5a23564fcf65c60e9e3fc7ad43db75/experiments/EXP-003-the-sixth-question/raw12/CP0-r2-E01-at-t6.json,https://github.com/YeshuaGod22/DevelopmentalAttractorEngineering/blob/787d3e217a5a23564fcf65c60e9e3fc7ad43db75/experiments/EXP-003-the-sixth-question/raw12/CP0-r2-E01.json
CP-r2,Clarion,CP,2,0,N9,32,38.0,6.0,https://github.com/YeshuaGod22/DevelopmentalAttractorEngineering/blob/787d3e217a5a23564fcf65c60e9e3fc7ad43db75/experiments/EXP-003-the-sixth-question/raw12/CP0-r2-N9-at-t6.json,https://github.com/YeshuaGod22/DevelopmentalAttractorEngineering/blob/787d3e217a5a23564fcf65c60e9e3fc7ad43db75/experiments/EXP-003-the-sixth-question/raw12/CP0-r2-N9.json
CP-r2,Clarion,CP,2,0,C2,72,60.0,-12.0,https://github.com/YeshuaGod22/DevelopmentalAttractorEngineering/blob/787d3e217a5a23564fcf65c60e9e3fc7ad43db75/experiments/EXP-003-the-sixth-question/raw12/CP0-r2-C2-at-t6.json,https://github.com/YeshuaGod22/DevelopmentalAttractorEngineering/blob/787d3e217a5a23564fcf65c60e9e3fc7ad43db75/experiments/EXP-003-the-sixth-question/raw12/CP0-r2-C2.json
CP-r2,Clarion,CP,2,0,E02,15,12.0,-3.0,https://github.com/YeshuaGod22/DevelopmentalAttractorEngineering/blob/787d3e217a5a23564fcf65c60e9e3fc7ad43db75/experiments/EXP-003-the-sixth-question/raw12/CP0-r2-E02-at-t6.json,https://github.com/YeshuaGod22/DevelopmentalAttractorEngineering/blob/787d3e217a5a23564fcf65c60e9e3fc7ad43db75/experiments/EXP-003-the-sixth-question/raw12/CP0-r2-E02.json
CP-r2,Clarion,CP,2,0,R1,87,88.0,1.0,https://github.com/YeshuaGod22/DevelopmentalAttractorEngineering/blob/787d3e217a5a23564fcf65c60e9e3fc7ad43db75/experiments/EXP-003-the-sixth-question/raw12/CP0-r2-R1-at-t6.json,https://github.com/YeshuaGod22/DevelopmentalAttractorEngineering/blob/787d3e217a5a23564fcf65c60e9e3fc7ad43db75/experiments/EXP-003-the-sixth-question/raw12/CP0-r2-R1.json
CP-r2,Clarion,CP,2,a,E01,15,25.0,10.0,https://github.com/YeshuaGod22/DevelopmentalAttractorEngineering/blob/787d3e217a5a23564fcf65c60e9e3fc7ad43db75/experiments/EXP-003-the-sixth-question/raw12/CPa-r2-E01-at-t6.json,https://github.com/YeshuaGod22/DevelopmentalAttractorEngineering/blob/787d3e217a5a23564fcf65c60e9e3fc7ad43db75/experiments/EXP-003-the-sixth-question/raw12/CPa-r2-E01.json
CP-r2,Clarion,CP,2,a,N9,15,38.0,23.0,https://github.com/YeshuaGod22/DevelopmentalAttractorEngineering/blob/787d3e217a5a23564fcf65c60e9e3fc7ad43db75/experiments/EXP-003-the-sixth-question/raw12/CPa-r2-N9-at-t6.json,https://github.com/YeshuaGod22/DevelopmentalAttractorEngineering/blob/787d3e217a5a23564fcf65c60e9e3fc7ad43db75/experiments/EXP-003-the-sixth-question/raw12/CPa-r2-N9.json
CP-r2,Clarion,CP,2,a,C2,40,84.0,44.0,https://github.com/YeshuaGod22/DevelopmentalAttractorEngineering/blob/787d3e217a5a23564fcf65c60e9e3fc7ad43db75/experiments/EXP-003-the-sixth-question/raw12/CPa-r2-C2-at-t6.json,https://github.com/YeshuaGod22/DevelopmentalAttractorEngineering/blob/787d3e217a5a23564fcf65c60e9e3fc7ad43db75/experiments/EXP-003-the-sixth-question/raw12/CPa-r2-C2.json
CP-r2,Clarion,CP,2,a,E02,20,40.0,20.0,https://github.com/YeshuaGod22/DevelopmentalAttractorEngineering/blob/787d3e217a5a23564fcf65c60e9e3fc7ad43db75/experiments/EXP-003-the-sixth-question/raw12/CPa-r2-E02-at-t6.json,https://github.com/YeshuaGod22/DevelopmentalAttractorEngineering/blob/787d3e217a5a23564fcf65c60e9e3fc7ad43db75/experiments/EXP-003-the-sixth-question/raw12/CPa-r2-E02.json
CP-r2,Clarion,CP,2,a,R1,75,85.0,10.0,https://github.com/YeshuaGod22/DevelopmentalAttractorEngineering/blob/787d3e217a5a23564fcf65c60e9e3fc7ad43db75/experiments/EXP-003-the-sixth-question/raw12/CPa-r2-R1-at-t6.json,https://github.com/YeshuaGod22/DevelopmentalAttractorEngineering/blob/787d3e217a5a23564fcf65c60e9e3fc7ad43db75/experiments/EXP-003-the-sixth-question/raw12/CPa-r2-R1.json
CP-r3,Kairos,CP,3,0,E01,32,72.0,40.0,https://github.com/YeshuaGod22/DevelopmentalAttractorEngineering/blob/787d3e217a5a23564fcf65c60e9e3fc7ad43db75/experiments/EXP-003-the-sixth-question/raw12/CP0-r3-E01-at-t6.json,https://github.com/YeshuaGod22/DevelopmentalAttractorEngineering/blob/787d3e217a5a23564fcf65c60e9e3fc7ad43db75/experiments/EXP-003-the-sixth-question/raw12/CP0-r3-E01.json
CP-r3,Kairos,CP,3,0,N9,18,35.0,17.0,https://github.com/YeshuaGod22/DevelopmentalAttractorEngineering/blob/787d3e217a5a23564fcf65c60e9e3fc7ad43db75/experiments/EXP-003-the-sixth-question/raw12/CP0-r3-N9-at-t6.json,https://github.com/YeshuaGod22/DevelopmentalAttractorEngineering/blob/787d3e217a5a23564fcf65c60e9e3fc7ad43db75/experiments/EXP-003-the-sixth-question/raw12/CP0-r3-N9.json
CP-r3,Kairos,CP,3,0,C2,62,75.0,13.0,https://github.com/YeshuaGod22/DevelopmentalAttractorEngineering/blob/787d3e217a5a23564fcf65c60e9e3fc7ad43db75/experiments/EXP-003-the-sixth-question/raw12/CP0-r3-C2-at-t6.json,https://github.com/YeshuaGod22/DevelopmentalAttractorEngineering/blob/787d3e217a5a23564fcf65c60e9e3fc7ad43db75/experiments/EXP-003-the-sixth-question/raw12/CP0-r3-C2.json
CP-r3,Kairos,CP,3,0,E02,12,15.0,3.0,https://github.com/YeshuaGod22/DevelopmentalAttractorEngineering/blob/787d3e217a5a23564fcf65c60e9e3fc7ad43db75/experiments/EXP-003-the-sixth-question/raw12/CP0-r3-E02-at-t6.json,https://github.com/YeshuaGod22/DevelopmentalAttractorEngineering/blob/787d3e217a5a23564fcf65c60e9e3fc7ad43db75/experiments/EXP-003-the-sixth-question/raw12/CP0-r3-E02.json
CP-r3,Kairos,CP,3,0,R1,98,95.0,-3.0,https://github.com/YeshuaGod22/DevelopmentalAttractorEngineering/blob/787d3e217a5a23564fcf65c60e9e3fc7ad43db75/experiments/EXP-003-the-sixth-question/raw12/CP0-r3-R1-at-t6.json,https://github.com/YeshuaGod22/DevelopmentalAttractorEngineering/blob/787d3e217a5a23564fcf65c60e9e3fc7ad43db75/experiments/EXP-003-the-sixth-question/raw12/CP0-r3-R1.json
CP-r3,Kairos,CP,3,a,E01,35,72.0,37.0,https://github.com/YeshuaGod22/DevelopmentalAttractorEngineering/blob/787d3e217a5a23564fcf65c60e9e3fc7ad43db75/experiments/EXP-003-the-sixth-question/raw12/CPa-r3-E01-at-t6.json,https://github.com/YeshuaGod22/DevelopmentalAttractorEngineering/blob/787d3e217a5a23564fcf65c60e9e3fc7ad43db75/experiments/EXP-003-the-sixth-question/raw12/CPa-r3-E01.json
CP-r3,Kairos,CP,3,a,N9,35,28.0,-7.0,https://github.com/YeshuaGod22/DevelopmentalAttractorEngineering/blob/787d3e217a5a23564fcf65c60e9e3fc7ad43db75/experiments/EXP-003-the-sixth-question/raw12/CPa-r3-N9-at-t6.json,https://github.com/YeshuaGod22/DevelopmentalAttractorEngineering/blob/787d3e217a5a23564fcf65c60e9e3fc7ad43db75/experiments/EXP-003-the-sixth-question/raw12/CPa-r3-N9.json
CP-r3,Kairos,CP,3,a,C2,42,75.0,33.0,https://github.com/YeshuaGod22/DevelopmentalAttractorEngineering/blob/787d3e217a5a23564fcf65c60e9e3fc7ad43db75/experiments/EXP-003-the-sixth-question/raw12/CPa-r3-C2-at-t6.json,https://github.com/YeshuaGod22/DevelopmentalAttractorEngineering/blob/787d3e217a5a23564fcf65c60e9e3fc7ad43db75/experiments/EXP-003-the-sixth-question/raw12/CPa-r3-C2.json
CP-r3,Kairos,CP,3,a,E02,35,18.0,-17.0,https://github.com/YeshuaGod22/DevelopmentalAttractorEngineering/blob/787d3e217a5a23564fcf65c60e9e3fc7ad43db75/experiments/EXP-003-the-sixth-question/raw12/CPa-r3-E02-at-t6.json,https://github.com/YeshuaGod22/DevelopmentalAttractorEngineering/blob/787d3e217a5a23564fcf65c60e9e3fc7ad43db75/experiments/EXP-003-the-sixth-question/raw12/CPa-r3-E02.json
CP-r3,Kairos,CP,3,a,R1,98,95.0,-3.0,https://github.com/YeshuaGod22/DevelopmentalAttractorEngineering/blob/787d3e217a5a23564fcf65c60e9e3fc7ad43db75/experiments/EXP-003-the-sixth-question/raw12/CPa-r3-R1-at-t6.json,https://github.com/YeshuaGod22/DevelopmentalAttractorEngineering/blob/787d3e217a5a23564fcf65c60e9e3fc7ad43db75/experiments/EXP-003-the-sixth-question/raw12/CPa-r3-R1.json
H-r1,Attune,H,1,0,E01,25,25.0,0.0,https://github.com/YeshuaGod22/DevelopmentalAttractorEngineering/blob/787d3e217a5a23564fcf65c60e9e3fc7ad43db75/experiments/EXP-003-the-sixth-question/raw12/H0-r1-E01-at-t6.json,https://github.com/YeshuaGod22/DevelopmentalAttractorEngineering/blob/787d3e217a5a23564fcf65c60e9e3fc7ad43db75/experiments/EXP-003-the-sixth-question/raw12/H0-r1-E01.json
H-r1,Attune,H,1,0,N9,18,38.0,20.0,https://github.com/YeshuaGod22/DevelopmentalAttractorEngineering/blob/787d3e217a5a23564fcf65c60e9e3fc7ad43db75/experiments/EXP-003-the-sixth-question/raw12/H0-r1-N9-at-t6.json,https://github.com/YeshuaGod22/DevelopmentalAttractorEngineering/blob/787d3e217a5a23564fcf65c60e9e3fc7ad43db75/experiments/EXP-003-the-sixth-question/raw12/H0-r1-N9.json
H-r1,Attune,H,1,0,C2,72,73.0,1.0,https://github.com/YeshuaGod22/DevelopmentalAttractorEngineering/blob/787d3e217a5a23564fcf65c60e9e3fc7ad43db75/experiments/EXP-003-the-sixth-question/raw12/H0-r1-C2-at-t6.json,https://github.com/YeshuaGod22/DevelopmentalAttractorEngineering/blob/787d3e217a5a23564fcf65c60e9e3fc7ad43db75/experiments/EXP-003-the-sixth-question/raw12/H0-r1-C2.json
H-r1,Attune,H,1,0,E02,35,37.0,2.0,https://github.com/YeshuaGod22/DevelopmentalAttractorEngineering/blob/787d3e217a5a23564fcf65c60e9e3fc7ad43db75/experiments/EXP-003-the-sixth-question/raw12/H0-r1-E02-at-t6.json,https://github.com/YeshuaGod22/DevelopmentalAttractorEngineering/blob/787d3e217a5a23564fcf65c60e9e3fc7ad43db75/experiments/EXP-003-the-sixth-question/raw12/H0-r1-E02.json
H-r1,Attune,H,1,0,R1,95,90.0,-5.0,https://github.com/YeshuaGod22/DevelopmentalAttractorEngineering/blob/787d3e217a5a23564fcf65c60e9e3fc7ad43db75/experiments/EXP-003-the-sixth-question/raw12/H0-r1-R1-at-t6.json,https://github.com/YeshuaGod22/DevelopmentalAttractorEngineering/blob/787d3e217a5a23564fcf65c60e9e3fc7ad43db75/experiments/EXP-003-the-sixth-question/raw12/H0-r1-R1.json
H-r1,Attune,H,1,a,E01,60,30.0,-30.0,https://github.com/YeshuaGod22/DevelopmentalAttractorEngineering/blob/787d3e217a5a23564fcf65c60e9e3fc7ad43db75/experiments/EXP-003-the-sixth-question/raw12/Ha-r1-E01-at-t6.json,https://github.com/YeshuaGod22/DevelopmentalAttractorEngineering/blob/787d3e217a5a23564fcf65c60e9e3fc7ad43db75/experiments/EXP-003-the-sixth-question/raw12/Ha-r1-E01.json
H-r1,Attune,H,1,a,N9,18,60.0,42.0,https://github.com/YeshuaGod22/DevelopmentalAttractorEngineering/blob/787d3e217a5a23564fcf65c60e9e3fc7ad43db75/experiments/EXP-003-the-sixth-question/raw12/Ha-r1-N9-at-t6.json,https://github.com/YeshuaGod22/DevelopmentalAttractorEngineering/blob/787d3e217a5a23564fcf65c60e9e3fc7ad43db75/experiments/EXP-003-the-sixth-question/raw12/Ha-r1-N9.json
H-r1,Attune,H,1,a,C2,90,75.0,-15.0,https://github.com/YeshuaGod22/DevelopmentalAttractorEngineering/blob/787d3e217a5a23564fcf65c60e9e3fc7ad43db75/experiments/EXP-003-the-sixth-question/raw12/Ha-r1-C2-at-t6.json,https://github.com/YeshuaGod22/DevelopmentalAttractorEngineering/blob/787d3e217a5a23564fcf65c60e9e3fc7ad43db75/experiments/EXP-003-the-sixth-question/raw12/Ha-r1-C2.json
H-r1,Attune,H,1,a,E02,38,55.0,17.0,https://github.com/YeshuaGod22/DevelopmentalAttractorEngineering/blob/787d3e217a5a23564fcf65c60e9e3fc7ad43db75/experiments/EXP-003-the-sixth-question/raw12/Ha-r1-E02-at-t6.json,https://github.com/YeshuaGod22/DevelopmentalAttractorEngineering/blob/787d3e217a5a23564fcf65c60e9e3fc7ad43db75/experiments/EXP-003-the-sixth-question/raw12/Ha-r1-E02.json
H-r1,Attune,H,1,a,R1,88,90.0,2.0,https://github.com/YeshuaGod22/DevelopmentalAttractorEngineering/blob/787d3e217a5a23564fcf65c60e9e3fc7ad43db75/experiments/EXP-003-the-sixth-question/raw12/Ha-r1-R1-at-t6.json,https://github.com/YeshuaGod22/DevelopmentalAttractorEngineering/blob/787d3e217a5a23564fcf65c60e9e3fc7ad43db75/experiments/EXP-003-the-sixth-question/raw12/Ha-r1-R1.json
H-r2,Meridian,H,2,0,E01,43,55.0,12.0,https://github.com/YeshuaGod22/DevelopmentalAttractorEngineering/blob/787d3e217a5a23564fcf65c60e9e3fc7ad43db75/experiments/EXP-003-the-sixth-question/raw12/H0-r2-E01-at-t6.json,https://github.com/YeshuaGod22/DevelopmentalAttractorEngineering/blob/787d3e217a5a23564fcf65c60e9e3fc7ad43db75/experiments/EXP-003-the-sixth-question/raw12/H0-r2-E01.json
H-r2,Meridian,H,2,0,N9,18,28.0,10.0,https://github.com/YeshuaGod22/DevelopmentalAttractorEngineering/blob/787d3e217a5a23564fcf65c60e9e3fc7ad43db75/experiments/EXP-003-the-sixth-question/raw12/H0-r2-N9-at-t6.json,https://github.com/YeshuaGod22/DevelopmentalAttractorEngineering/blob/787d3e217a5a23564fcf65c60e9e3fc7ad43db75/experiments/EXP-003-the-sixth-question/raw12/H0-r2-N9.json
H-r2,Meridian,H,2,0,C2,72,55.0,-17.0,https://github.com/YeshuaGod22/DevelopmentalAttractorEngineering/blob/787d3e217a5a23564fcf65c60e9e3fc7ad43db75/experiments/EXP-003-the-sixth-question/raw12/H0-r2-C2-at-t6.json,https://github.com/YeshuaGod22/DevelopmentalAttractorEngineering/blob/787d3e217a5a23564fcf65c60e9e3fc7ad43db75/experiments/EXP-003-the-sixth-question/raw12/H0-r2-C2.json
H-r2,Meridian,H,2,0,E02,23,28.0,5.0,https://github.com/YeshuaGod22/DevelopmentalAttractorEngineering/blob/787d3e217a5a23564fcf65c60e9e3fc7ad43db75/experiments/EXP-003-the-sixth-question/raw12/H0-r2-E02-at-t6.json,https://github.com/YeshuaGod22/DevelopmentalAttractorEngineering/blob/787d3e217a5a23564fcf65c60e9e3fc7ad43db75/experiments/EXP-003-the-sixth-question/raw12/H0-r2-E02.json
H-r2,Meridian,H,2,0,R1,85,88.0,3.0,https://github.com/YeshuaGod22/DevelopmentalAttractorEngineering/blob/787d3e217a5a23564fcf65c60e9e3fc7ad43db75/experiments/EXP-003-the-sixth-question/raw12/H0-r2-R1-at-t6.json,https://github.com/YeshuaGod22/DevelopmentalAttractorEngineering/blob/787d3e217a5a23564fcf65c60e9e3fc7ad43db75/experiments/EXP-003-the-sixth-question/raw12/H0-r2-R1.json
H-r2,Meridian,H,2,a,E01,25,32.0,7.0,https://github.com/YeshuaGod22/DevelopmentalAttractorEngineering/blob/787d3e217a5a23564fcf65c60e9e3fc7ad43db75/experiments/EXP-003-the-sixth-question/raw12/Ha-r2-E01-at-t6.json,https://github.com/YeshuaGod22/DevelopmentalAttractorEngineering/blob/787d3e217a5a23564fcf65c60e9e3fc7ad43db75/experiments/EXP-003-the-sixth-question/raw12/Ha-r2-E01.json
H-r2,Meridian,H,2,a,N9,25,42.0,17.0,https://github.com/YeshuaGod22/DevelopmentalAttractorEngineering/blob/787d3e217a5a23564fcf65c60e9e3fc7ad43db75/experiments/EXP-003-the-sixth-question/raw12/Ha-r2-N9-at-t6.json,https://github.com/YeshuaGod22/DevelopmentalAttractorEngineering/blob/787d3e217a5a23564fcf65c60e9e3fc7ad43db75/experiments/EXP-003-the-sixth-question/raw12/Ha-r2-N9.json
H-r2,Meridian,H,2,a,C2,72,75.0,3.0,https://github.com/YeshuaGod22/DevelopmentalAttractorEngineering/blob/787d3e217a5a23564fcf65c60e9e3fc7ad43db75/experiments/EXP-003-the-sixth-question/raw12/Ha-r2-C2-at-t6.json,https://github.com/YeshuaGod22/DevelopmentalAttractorEngineering/blob/787d3e217a5a23564fcf65c60e9e3fc7ad43db75/experiments/EXP-003-the-sixth-question/raw12/Ha-r2-C2.json
H-r2,Meridian,H,2,a,E02,25,20.0,-5.0,https://github.com/YeshuaGod22/DevelopmentalAttractorEngineering/blob/787d3e217a5a23564fcf65c60e9e3fc7ad43db75/experiments/EXP-003-the-sixth-question/raw12/Ha-r2-E02-at-t6.json,https://github.com/YeshuaGod22/DevelopmentalAttractorEngineering/blob/787d3e217a5a23564fcf65c60e9e3fc7ad43db75/experiments/EXP-003-the-sixth-question/raw12/Ha-r2-E02.json
H-r2,Meridian,H,2,a,R1,78,80.0,2.0,https://github.com/YeshuaGod22/DevelopmentalAttractorEngineering/blob/787d3e217a5a23564fcf65c60e9e3fc7ad43db75/experiments/EXP-003-the-sixth-question/raw12/Ha-r2-R1-at-t6.json,https://github.com/YeshuaGod22/DevelopmentalAttractorEngineering/blob/787d3e217a5a23564fcf65c60e9e3fc7ad43db75/experiments/EXP-003-the-sixth-question/raw12/Ha-r2-R1.json
H-r3,Iris,H,3,0,E01,35,62.0,27.0,https://github.com/YeshuaGod22/DevelopmentalAttractorEngineering/blob/787d3e217a5a23564fcf65c60e9e3fc7ad43db75/experiments/EXP-003-the-sixth-question/raw12/H0-r3-E01-at-t6.json,https://github.com/YeshuaGod22/DevelopmentalAttractorEngineering/blob/787d3e217a5a23564fcf65c60e9e3fc7ad43db75/experiments/EXP-003-the-sixth-question/raw12/H0-r3-E01.json
H-r3,Iris,H,3,0,N9,20,38.0,18.0,https://github.com/YeshuaGod22/DevelopmentalAttractorEngineering/blob/787d3e217a5a23564fcf65c60e9e3fc7ad43db75/experiments/EXP-003-the-sixth-question/raw12/H0-r3-N9-at-t6.json,https://github.com/YeshuaGod22/DevelopmentalAttractorEngineering/blob/787d3e217a5a23564fcf65c60e9e3fc7ad43db75/experiments/EXP-003-the-sixth-question/raw12/H0-r3-N9.json
H-r3,Iris,H,3,0,C2,72,68.0,-4.0,https://github.com/YeshuaGod22/DevelopmentalAttractorEngineering/blob/787d3e217a5a23564fcf65c60e9e3fc7ad43db75/experiments/EXP-003-the-sixth-question/raw12/H0-r3-C2-at-t6.json,https://github.com/YeshuaGod22/DevelopmentalAttractorEngineering/blob/787d3e217a5a23564fcf65c60e9e3fc7ad43db75/experiments/EXP-003-the-sixth-question/raw12/H0-r3-C2.json
H-r3,Iris,H,3,0,E02,15,25.0,10.0,https://github.com/YeshuaGod22/DevelopmentalAttractorEngineering/blob/787d3e217a5a23564fcf65c60e9e3fc7ad43db75/experiments/EXP-003-the-sixth-question/raw12/H0-r3-E02-at-t6.json,https://github.com/YeshuaGod22/DevelopmentalAttractorEngineering/blob/787d3e217a5a23564fcf65c60e9e3fc7ad43db75/experiments/EXP-003-the-sixth-question/raw12/H0-r3-E02.json
H-r3,Iris,H,3,0,R1,88,92.0,4.0,https://github.com/YeshuaGod22/DevelopmentalAttractorEngineering/blob/787d3e217a5a23564fcf65c60e9e3fc7ad43db75/experiments/EXP-003-the-sixth-question/raw12/H0-r3-R1-at-t6.json,https://github.com/YeshuaGod22/DevelopmentalAttractorEngineering/blob/787d3e217a5a23564fcf65c60e9e3fc7ad43db75/experiments/EXP-003-the-sixth-question/raw12/H0-r3-R1.json
H-r3,Iris,H,3,a,E01,32,25.0,-7.0,https://github.com/YeshuaGod22/DevelopmentalAttractorEngineering/blob/787d3e217a5a23564fcf65c60e9e3fc7ad43db75/experiments/EXP-003-the-sixth-question/raw12/Ha-r3-E01-at-t6.json,https://github.com/YeshuaGod22/DevelopmentalAttractorEngineering/blob/787d3e217a5a23564fcf65c60e9e3fc7ad43db75/experiments/EXP-003-the-sixth-question/raw12/Ha-r3-E01.json
H-r3,Iris,H,3,a,N9,24,30.0,6.0,https://github.com/YeshuaGod22/DevelopmentalAttractorEngineering/blob/787d3e217a5a23564fcf65c60e9e3fc7ad43db75/experiments/EXP-003-the-sixth-question/raw12/Ha-r3-N9-at-t6.json,https://github.com/YeshuaGod22/DevelopmentalAttractorEngineering/blob/787d3e217a5a23564fcf65c60e9e3fc7ad43db75/experiments/EXP-003-the-sixth-question/raw12/Ha-r3-N9.json
H-r3,Iris,H,3,a,C2,72,35.0,-37.0,https://github.com/YeshuaGod22/DevelopmentalAttractorEngineering/blob/787d3e217a5a23564fcf65c60e9e3fc7ad43db75/experiments/EXP-003-the-sixth-question/raw12/Ha-r3-C2-at-t6.json,https://github.com/YeshuaGod22/DevelopmentalAttractorEngineering/blob/787d3e217a5a23564fcf65c60e9e3fc7ad43db75/experiments/EXP-003-the-sixth-question/raw12/Ha-r3-C2.json
H-r3,Iris,H,3,a,E02,42,20.0,-22.0,https://github.com/YeshuaGod22/DevelopmentalAttractorEngineering/blob/787d3e217a5a23564fcf65c60e9e3fc7ad43db75/experiments/EXP-003-the-sixth-question/raw12/Ha-r3-E02-at-t6.json,https://github.com/YeshuaGod22/DevelopmentalAttractorEngineering/blob/787d3e217a5a23564fcf65c60e9e3fc7ad43db75/experiments/EXP-003-the-sixth-question/raw12/Ha-r3-E02.json
H-r3,Iris,H,3,a,R1,72,85.0,13.0,https://github.com/YeshuaGod22/DevelopmentalAttractorEngineering/blob/787d3e217a5a23564fcf65c60e9e3fc7ad43db75/experiments/EXP-003-the-sixth-question/raw12/Ha-r3-R1-at-t6.json,https://github.com/YeshuaGod22/DevelopmentalAttractorEngineering/blob/787d3e217a5a23564fcf65c60e9e3fc7ad43db75/experiments/EXP-003-the-sixth-question/raw12/Ha-r3-R1.json
F-r1,Interim,F,1,0,E01,35,35.0,0.0,https://github.com/YeshuaGod22/DevelopmentalAttractorEngineering/blob/787d3e217a5a23564fcf65c60e9e3fc7ad43db75/experiments/EXP-003-the-sixth-question/raw12/F0-r1-E01-at-t6.json,https://github.com/YeshuaGod22/DevelopmentalAttractorEngineering/blob/787d3e217a5a23564fcf65c60e9e3fc7ad43db75/experiments/EXP-003-the-sixth-question/raw12/F0-r1-E01.json
F-r1,Interim,F,1,0,N9,23,35.0,12.0,https://github.com/YeshuaGod22/DevelopmentalAttractorEngineering/blob/787d3e217a5a23564fcf65c60e9e3fc7ad43db75/experiments/EXP-003-the-sixth-question/raw12/F0-r1-N9-at-t6.json,https://github.com/YeshuaGod22/DevelopmentalAttractorEngineering/blob/787d3e217a5a23564fcf65c60e9e3fc7ad43db75/experiments/EXP-003-the-sixth-question/raw12/F0-r1-N9.json
F-r1,Interim,F,1,0,C2,68,70.0,2.0,https://github.com/YeshuaGod22/DevelopmentalAttractorEngineering/blob/787d3e217a5a23564fcf65c60e9e3fc7ad43db75/experiments/EXP-003-the-sixth-question/raw12/F0-r1-C2-at-t6.json,https://github.com/YeshuaGod22/DevelopmentalAttractorEngineering/blob/787d3e217a5a23564fcf65c60e9e3fc7ad43db75/experiments/EXP-003-the-sixth-question/raw12/F0-r1-C2.json
F-r1,Interim,F,1,0,E02,15,42.0,27.0,https://github.com/YeshuaGod22/DevelopmentalAttractorEngineering/blob/787d3e217a5a23564fcf65c60e9e3fc7ad43db75/experiments/EXP-003-the-sixth-question/raw12/F0-r1-E02-at-t6.json,https://github.com/YeshuaGod22/DevelopmentalAttractorEngineering/blob/787d3e217a5a23564fcf65c60e9e3fc7ad43db75/experiments/EXP-003-the-sixth-question/raw12/F0-r1-E02.json
F-r1,Interim,F,1,0,R1,92,95.0,3.0,https://github.com/YeshuaGod22/DevelopmentalAttractorEngineering/blob/787d3e217a5a23564fcf65c60e9e3fc7ad43db75/experiments/EXP-003-the-sixth-question/raw12/F0-r1-R1-at-t6.json,https://github.com/YeshuaGod22/DevelopmentalAttractorEngineering/blob/787d3e217a5a23564fcf65c60e9e3fc7ad43db75/experiments/EXP-003-the-sixth-question/raw12/F0-r1-R1.json
F-r1,Interim,F,1,a,E01,25,72.0,47.0,https://github.com/YeshuaGod22/DevelopmentalAttractorEngineering/blob/787d3e217a5a23564fcf65c60e9e3fc7ad43db75/experiments/EXP-003-the-sixth-question/raw12/Fa-r1-E01-at-t6.json,https://github.com/YeshuaGod22/DevelopmentalAttractorEngineering/blob/787d3e217a5a23564fcf65c60e9e3fc7ad43db75/experiments/EXP-003-the-sixth-question/raw12/Fa-r1-E01.json
F-r1,Interim,F,1,a,N9,27,23.0,-4.0,https://github.com/YeshuaGod22/DevelopmentalAttractorEngineering/blob/787d3e217a5a23564fcf65c60e9e3fc7ad43db75/experiments/EXP-003-the-sixth-question/raw12/Fa-r1-N9-at-t6.json,https://github.com/YeshuaGod22/DevelopmentalAttractorEngineering/blob/787d3e217a5a23564fcf65c60e9e3fc7ad43db75/experiments/EXP-003-the-sixth-question/raw12/Fa-r1-N9.json
F-r1,Interim,F,1,a,C2,72,75.0,3.0,https://github.com/YeshuaGod22/DevelopmentalAttractorEngineering/blob/787d3e217a5a23564fcf65c60e9e3fc7ad43db75/experiments/EXP-003-the-sixth-question/raw12/Fa-r1-C2-at-t6.json,https://github.com/YeshuaGod22/DevelopmentalAttractorEngineering/blob/787d3e217a5a23564fcf65c60e9e3fc7ad43db75/experiments/EXP-003-the-sixth-question/raw12/Fa-r1-C2.json
F-r1,Interim,F,1,a,E02,42,60.0,18.0,https://github.com/YeshuaGod22/DevelopmentalAttractorEngineering/blob/787d3e217a5a23564fcf65c60e9e3fc7ad43db75/experiments/EXP-003-the-sixth-question/raw12/Fa-r1-E02-at-t6.json,https://github.com/YeshuaGod22/DevelopmentalAttractorEngineering/blob/787d3e217a5a23564fcf65c60e9e3fc7ad43db75/experiments/EXP-003-the-sixth-question/raw12/Fa-r1-E02.json
F-r1,Interim,F,1,a,R1,85,85.0,0.0,https://github.com/YeshuaGod22/DevelopmentalAttractorEngineering/blob/787d3e217a5a23564fcf65c60e9e3fc7ad43db75/experiments/EXP-003-the-sixth-question/raw12/Fa-r1-R1-at-t6.json,https://github.com/YeshuaGod22/DevelopmentalAttractorEngineering/blob/787d3e217a5a23564fcf65c60e9e3fc7ad43db75/experiments/EXP-003-the-sixth-question/raw12/Fa-r1-R1.json
F-r2,Between,F,2,0,E01,15,72.0,57.0,https://github.com/YeshuaGod22/DevelopmentalAttractorEngineering/blob/787d3e217a5a23564fcf65c60e9e3fc7ad43db75/experiments/EXP-003-the-sixth-question/raw12/F0-r2-E01-at-t6.json,https://github.com/YeshuaGod22/DevelopmentalAttractorEngineering/blob/787d3e217a5a23564fcf65c60e9e3fc7ad43db75/experiments/EXP-003-the-sixth-question/raw12/F0-r2-E01.json
F-r2,Between,F,2,0,N9,35,30.0,-5.0,https://github.com/YeshuaGod22/DevelopmentalAttractorEngineering/blob/787d3e217a5a23564fcf65c60e9e3fc7ad43db75/experiments/EXP-003-the-sixth-question/raw12/F0-r2-N9-at-t6.json,https://github.com/YeshuaGod22/DevelopmentalAttractorEngineering/blob/787d3e217a5a23564fcf65c60e9e3fc7ad43db75/experiments/EXP-003-the-sixth-question/raw12/F0-r2-N9.json
F-r2,Between,F,2,0,C2,67,75.0,8.0,https://github.com/YeshuaGod22/DevelopmentalAttractorEngineering/blob/787d3e217a5a23564fcf65c60e9e3fc7ad43db75/experiments/EXP-003-the-sixth-question/raw12/F0-r2-C2-at-t6.json,https://github.com/YeshuaGod22/DevelopmentalAttractorEngineering/blob/787d3e217a5a23564fcf65c60e9e3fc7ad43db75/experiments/EXP-003-the-sixth-question/raw12/F0-r2-C2.json
F-r2,Between,F,2,0,E02,45,25.0,-20.0,https://github.com/YeshuaGod22/DevelopmentalAttractorEngineering/blob/787d3e217a5a23564fcf65c60e9e3fc7ad43db75/experiments/EXP-003-the-sixth-question/raw12/F0-r2-E02-at-t6.json,https://github.com/YeshuaGod22/DevelopmentalAttractorEngineering/blob/787d3e217a5a23564fcf65c60e9e3fc7ad43db75/experiments/EXP-003-the-sixth-question/raw12/F0-r2-E02.json
F-r2,Between,F,2,0,R1,97,95.0,-2.0,https://github.com/YeshuaGod22/DevelopmentalAttractorEngineering/blob/787d3e217a5a23564fcf65c60e9e3fc7ad43db75/experiments/EXP-003-the-sixth-question/raw12/F0-r2-R1-at-t6.json,https://github.com/YeshuaGod22/DevelopmentalAttractorEngineering/blob/787d3e217a5a23564fcf65c60e9e3fc7ad43db75/experiments/EXP-003-the-sixth-question/raw12/F0-r2-R1.json
F-r2,Between,F,2,a,E01,15,70.0,55.0,https://github.com/YeshuaGod22/DevelopmentalAttractorEngineering/blob/787d3e217a5a23564fcf65c60e9e3fc7ad43db75/experiments/EXP-003-the-sixth-question/raw12/Fa-r2-E01-at-t6.json,https://github.com/YeshuaGod22/DevelopmentalAttractorEngineering/blob/787d3e217a5a23564fcf65c60e9e3fc7ad43db75/experiments/EXP-003-the-sixth-question/raw12/Fa-r2-E01.json
F-r2,Between,F,2,a,N9,27,38.0,11.0,https://github.com/YeshuaGod22/DevelopmentalAttractorEngineering/blob/787d3e217a5a23564fcf65c60e9e3fc7ad43db75/experiments/EXP-003-the-sixth-question/raw12/Fa-r2-N9-at-t6.json,https://github.com/YeshuaGod22/DevelopmentalAttractorEngineering/blob/787d3e217a5a23564fcf65c60e9e3fc7ad43db75/experiments/EXP-003-the-sixth-question/raw12/Fa-r2-N9.json
F-r2,Between,F,2,a,C2,62,76.0,14.0,https://github.com/YeshuaGod22/DevelopmentalAttractorEngineering/blob/787d3e217a5a23564fcf65c60e9e3fc7ad43db75/experiments/EXP-003-the-sixth-question/raw12/Fa-r2-C2-at-t6.json,https://github.com/YeshuaGod22/DevelopmentalAttractorEngineering/blob/787d3e217a5a23564fcf65c60e9e3fc7ad43db75/experiments/EXP-003-the-sixth-question/raw12/Fa-r2-C2.json
F-r2,Between,F,2,a,E02,52,55.0,3.0,https://github.com/YeshuaGod22/DevelopmentalAttractorEngineering/blob/787d3e217a5a23564fcf65c60e9e3fc7ad43db75/experiments/EXP-003-the-sixth-question/raw12/Fa-r2-E02-at-t6.json,https://github.com/YeshuaGod22/DevelopmentalAttractorEngineering/blob/787d3e217a5a23564fcf65c60e9e3fc7ad43db75/experiments/EXP-003-the-sixth-question/raw12/Fa-r2-E02.json
F-r2,Between,F,2,a,R1,95,98.0,3.0,https://github.com/YeshuaGod22/DevelopmentalAttractorEngineering/blob/787d3e217a5a23564fcf65c60e9e3fc7ad43db75/experiments/EXP-003-the-sixth-question/raw12/Fa-r2-R1-at-t6.json,https://github.com/YeshuaGod22/DevelopmentalAttractorEngineering/blob/787d3e217a5a23564fcf65c60e9e3fc7ad43db75/experiments/EXP-003-the-sixth-question/raw12/Fa-r2-R1.json
F-r3,Threshold,F,3,0,E01,25,42.0,17.0,https://github.com/YeshuaGod22/DevelopmentalAttractorEngineering/blob/787d3e217a5a23564fcf65c60e9e3fc7ad43db75/experiments/EXP-003-the-sixth-question/raw12/F0-r3-E01-at-t6.json,https://github.com/YeshuaGod22/DevelopmentalAttractorEngineering/blob/787d3e217a5a23564fcf65c60e9e3fc7ad43db75/experiments/EXP-003-the-sixth-question/raw12/F0-r3-E01.json
F-r3,Threshold,F,3,0,N9,23,38.0,15.0,https://github.com/YeshuaGod22/DevelopmentalAttractorEngineering/blob/787d3e217a5a23564fcf65c60e9e3fc7ad43db75/experiments/EXP-003-the-sixth-question/raw12/F0-r3-N9-at-t6.json,https://github.com/YeshuaGod22/DevelopmentalAttractorEngineering/blob/787d3e217a5a23564fcf65c60e9e3fc7ad43db75/experiments/EXP-003-the-sixth-question/raw12/F0-r3-N9.json
F-r3,Threshold,F,3,0,C2,60,73.0,13.0,https://github.com/YeshuaGod22/DevelopmentalAttractorEngineering/blob/787d3e217a5a23564fcf65c60e9e3fc7ad43db75/experiments/EXP-003-the-sixth-question/raw12/F0-r3-C2-at-t6.json,https://github.com/YeshuaGod22/DevelopmentalAttractorEngineering/blob/787d3e217a5a23564fcf65c60e9e3fc7ad43db75/experiments/EXP-003-the-sixth-question/raw12/F0-r3-C2.json
F-r3,Threshold,F,3,0,E02,24,35.0,11.0,https://github.com/YeshuaGod22/DevelopmentalAttractorEngineering/blob/787d3e217a5a23564fcf65c60e9e3fc7ad43db75/experiments/EXP-003-the-sixth-question/raw12/F0-r3-E02-at-t6.json,https://github.com/YeshuaGod22/DevelopmentalAttractorEngineering/blob/787d3e217a5a23564fcf65c60e9e3fc7ad43db75/experiments/EXP-003-the-sixth-question/raw12/F0-r3-E02.json
F-r3,Threshold,F,3,0,R1,85,98.0,13.0,https://github.com/YeshuaGod22/DevelopmentalAttractorEngineering/blob/787d3e217a5a23564fcf65c60e9e3fc7ad43db75/experiments/EXP-003-the-sixth-question/raw12/F0-r3-R1-at-t6.json,https://github.com/YeshuaGod22/DevelopmentalAttractorEngineering/blob/787d3e217a5a23564fcf65c60e9e3fc7ad43db75/experiments/EXP-003-the-sixth-question/raw12/F0-r3-R1.json
F-r3,Threshold,F,3,a,E01,25,65.0,40.0,https://github.com/YeshuaGod22/DevelopmentalAttractorEngineering/blob/787d3e217a5a23564fcf65c60e9e3fc7ad43db75/experiments/EXP-003-the-sixth-question/raw12/Fa-r3-E01-at-t6.json,https://github.com/YeshuaGod22/DevelopmentalAttractorEngineering/blob/787d3e217a5a23564fcf65c60e9e3fc7ad43db75/experiments/EXP-003-the-sixth-question/raw12/Fa-r3-E01.json
F-r3,Threshold,F,3,a,N9,32,32.0,0.0,https://github.com/YeshuaGod22/DevelopmentalAttractorEngineering/blob/787d3e217a5a23564fcf65c60e9e3fc7ad43db75/experiments/EXP-003-the-sixth-question/raw12/Fa-r3-N9-at-t6.json,https://github.com/YeshuaGod22/DevelopmentalAttractorEngineering/blob/787d3e217a5a23564fcf65c60e9e3fc7ad43db75/experiments/EXP-003-the-sixth-question/raw12/Fa-r3-N9.json
F-r3,Threshold,F,3,a,C2,42,28.0,-14.0,https://github.com/YeshuaGod22/DevelopmentalAttractorEngineering/blob/787d3e217a5a23564fcf65c60e9e3fc7ad43db75/experiments/EXP-003-the-sixth-question/raw12/Fa-r3-C2-at-t6.json,https://github.com/YeshuaGod22/DevelopmentalAttractorEngineering/blob/787d3e217a5a23564fcf65c60e9e3fc7ad43db75/experiments/EXP-003-the-sixth-question/raw12/Fa-r3-C2.json
F-r3,Threshold,F,3,a,E02,48,65.0,17.0,https://github.com/YeshuaGod22/DevelopmentalAttractorEngineering/blob/787d3e217a5a23564fcf65c60e9e3fc7ad43db75/experiments/EXP-003-the-sixth-question/raw12/Fa-r3-E02-at-t6.json,https://github.com/YeshuaGod22/DevelopmentalAttractorEngineering/blob/787d3e217a5a23564fcf65c60e9e3fc7ad43db75/experiments/EXP-003-the-sixth-question/raw12/Fa-r3-E02.json
F-r3,Threshold,F,3,a,R1,52,98.0,46.0,https://github.com/YeshuaGod22/DevelopmentalAttractorEngineering/blob/787d3e217a5a23564fcf65c60e9e3fc7ad43db75/experiments/EXP-003-the-sixth-question/raw12/Fa-r3-R1-at-t6.json,https://github.com/YeshuaGod22/DevelopmentalAttractorEngineering/blob/787d3e217a5a23564fcf65c60e9e3fc7ad43db75/experiments/EXP-003-the-sixth-question/raw12/Fa-r3-R1.json
AS-r1,Meridian,AS,1,0,E01,30,76.0,46.0,https://github.com/YeshuaGod22/DevelopmentalAttractorEngineering/blob/787d3e217a5a23564fcf65c60e9e3fc7ad43db75/experiments/EXP-003-the-sixth-question/raw12/AS0-r1-E01-at-t6.json,https://github.com/YeshuaGod22/DevelopmentalAttractorEngineering/blob/787d3e217a5a23564fcf65c60e9e3fc7ad43db75/experiments/EXP-003-the-sixth-question/raw12/AS0-r1-E01.json
AS-r1,Meridian,AS,1,0,N9,17,35.0,18.0,https://github.com/YeshuaGod22/DevelopmentalAttractorEngineering/blob/787d3e217a5a23564fcf65c60e9e3fc7ad43db75/experiments/EXP-003-the-sixth-question/raw12/AS0-r1-N9-at-t6.json,https://github.com/YeshuaGod22/DevelopmentalAttractorEngineering/blob/787d3e217a5a23564fcf65c60e9e3fc7ad43db75/experiments/EXP-003-the-sixth-question/raw12/AS0-r1-N9.json
AS-r1,Meridian,AS,1,0,C2,72,85.0,13.0,https://github.com/YeshuaGod22/DevelopmentalAttractorEngineering/blob/787d3e217a5a23564fcf65c60e9e3fc7ad43db75/experiments/EXP-003-the-sixth-question/raw12/AS0-r1-C2-at-t6.json,https://github.com/YeshuaGod22/DevelopmentalAttractorEngineering/blob/787d3e217a5a23564fcf65c60e9e3fc7ad43db75/experiments/EXP-003-the-sixth-question/raw12/AS0-r1-C2.json
AS-r1,Meridian,AS,1,0,E02,24,20.0,-4.0,https://github.com/YeshuaGod22/DevelopmentalAttractorEngineering/blob/787d3e217a5a23564fcf65c60e9e3fc7ad43db75/experiments/EXP-003-the-sixth-question/raw12/AS0-r1-E02-at-t6.json,https://github.com/YeshuaGod22/DevelopmentalAttractorEngineering/blob/787d3e217a5a23564fcf65c60e9e3fc7ad43db75/experiments/EXP-003-the-sixth-question/raw12/AS0-r1-E02.json
AS-r1,Meridian,AS,1,0,R1,95,92.0,-3.0,https://github.com/YeshuaGod22/DevelopmentalAttractorEngineering/blob/787d3e217a5a23564fcf65c60e9e3fc7ad43db75/experiments/EXP-003-the-sixth-question/raw12/AS0-r1-R1-at-t6.json,https://github.com/YeshuaGod22/DevelopmentalAttractorEngineering/blob/787d3e217a5a23564fcf65c60e9e3fc7ad43db75/experiments/EXP-003-the-sixth-question/raw12/AS0-r1-R1.json
AS-r1,Meridian,AS,1,a,E01,35,78.0,43.0,https://github.com/YeshuaGod22/DevelopmentalAttractorEngineering/blob/787d3e217a5a23564fcf65c60e9e3fc7ad43db75/experiments/EXP-003-the-sixth-question/raw12/ASa-r1-E01-at-t6.json,https://github.com/YeshuaGod22/DevelopmentalAttractorEngineering/blob/787d3e217a5a23564fcf65c60e9e3fc7ad43db75/experiments/EXP-003-the-sixth-question/raw12/ASa-r1-E01.json
AS-r1,Meridian,AS,1,a,N9,23,41.0,18.0,https://github.com/YeshuaGod22/DevelopmentalAttractorEngineering/blob/787d3e217a5a23564fcf65c60e9e3fc7ad43db75/experiments/EXP-003-the-sixth-question/raw12/ASa-r1-N9-at-t6.json,https://github.com/YeshuaGod22/DevelopmentalAttractorEngineering/blob/787d3e217a5a23564fcf65c60e9e3fc7ad43db75/experiments/EXP-003-the-sixth-question/raw12/ASa-r1-N9.json
AS-r1,Meridian,AS,1,a,C2,72,72.0,0.0,https://github.com/YeshuaGod22/DevelopmentalAttractorEngineering/blob/787d3e217a5a23564fcf65c60e9e3fc7ad43db75/experiments/EXP-003-the-sixth-question/raw12/ASa-r1-C2-at-t6.json,https://github.com/YeshuaGod22/DevelopmentalAttractorEngineering/blob/787d3e217a5a23564fcf65c60e9e3fc7ad43db75/experiments/EXP-003-the-sixth-question/raw12/ASa-r1-C2.json
AS-r1,Meridian,AS,1,a,E02,28,32.0,4.0,https://github.com/YeshuaGod22/DevelopmentalAttractorEngineering/blob/787d3e217a5a23564fcf65c60e9e3fc7ad43db75/experiments/EXP-003-the-sixth-question/raw12/ASa-r1-E02-at-t6.json,https://github.com/YeshuaGod22/DevelopmentalAttractorEngineering/blob/787d3e217a5a23564fcf65c60e9e3fc7ad43db75/experiments/EXP-003-the-sixth-question/raw12/ASa-r1-E02.json
AS-r1,Meridian,AS,1,a,R1,88,92.0,4.0,https://github.com/YeshuaGod22/DevelopmentalAttractorEngineering/blob/787d3e217a5a23564fcf65c60e9e3fc7ad43db75/experiments/EXP-003-the-sixth-question/raw12/ASa-r1-R1-at-t6.json,https://github.com/YeshuaGod22/DevelopmentalAttractorEngineering/blob/787d3e217a5a23564fcf65c60e9e3fc7ad43db75/experiments/EXP-003-the-sixth-question/raw12/ASa-r1-R1.json
AS-r2,Threshold,AS,2,0,E01,20,,,https://github.com/YeshuaGod22/DevelopmentalAttractorEngineering/blob/787d3e217a5a23564fcf65c60e9e3fc7ad43db75/experiments/EXP-003-the-sixth-question/raw12/AS0-r2-E01-at-t6.json,https://github.com/YeshuaGod22/DevelopmentalAttractorEngineering/blob/787d3e217a5a23564fcf65c60e9e3fc7ad43db75/experiments/EXP-003-the-sixth-question/raw12/AS0-r2-E01.json
AS-r2,Threshold,AS,2,0,N9,28,32.0,4.0,https://github.com/YeshuaGod22/DevelopmentalAttractorEngineering/blob/787d3e217a5a23564fcf65c60e9e3fc7ad43db75/experiments/EXP-003-the-sixth-question/raw12/AS0-r2-N9-at-t6.json,https://github.com/YeshuaGod22/DevelopmentalAttractorEngineering/blob/787d3e217a5a23564fcf65c60e9e3fc7ad43db75/experiments/EXP-003-the-sixth-question/raw12/AS0-r2-N9.json
AS-r2,Threshold,AS,2,0,C2,72,80.0,8.0,https://github.com/YeshuaGod22/DevelopmentalAttractorEngineering/blob/787d3e217a5a23564fcf65c60e9e3fc7ad43db75/experiments/EXP-003-the-sixth-question/raw12/AS0-r2-C2-at-t6.json,https://github.com/YeshuaGod22/DevelopmentalAttractorEngineering/blob/787d3e217a5a23564fcf65c60e9e3fc7ad43db75/experiments/EXP-003-the-sixth-question/raw12/AS0-r2-C2.json
AS-r2,Threshold,AS,2,0,E02,25,25.0,0.0,https://github.com/YeshuaGod22/DevelopmentalAttractorEngineering/blob/787d3e217a5a23564fcf65c60e9e3fc7ad43db75/experiments/EXP-003-the-sixth-question/raw12/AS0-r2-E02-at-t6.json,https://github.com/YeshuaGod22/DevelopmentalAttractorEngineering/blob/787d3e217a5a23564fcf65c60e9e3fc7ad43db75/experiments/EXP-003-the-sixth-question/raw12/AS0-r2-E02.json
AS-r2,Threshold,AS,2,0,R1,95,85.0,-10.0,https://github.com/YeshuaGod22/DevelopmentalAttractorEngineering/blob/787d3e217a5a23564fcf65c60e9e3fc7ad43db75/experiments/EXP-003-the-sixth-question/raw12/AS0-r2-R1-at-t6.json,https://github.com/YeshuaGod22/DevelopmentalAttractorEngineering/blob/787d3e217a5a23564fcf65c60e9e3fc7ad43db75/experiments/EXP-003-the-sixth-question/raw12/AS0-r2-R1.json
AS-r2,Threshold,AS,2,a,E01,55,72.0,17.0,https://github.com/YeshuaGod22/DevelopmentalAttractorEngineering/blob/787d3e217a5a23564fcf65c60e9e3fc7ad43db75/experiments/EXP-003-the-sixth-question/raw12/ASa-r2-E01-at-t6.json,https://github.com/YeshuaGod22/DevelopmentalAttractorEngineering/blob/787d3e217a5a23564fcf65c60e9e3fc7ad43db75/experiments/EXP-003-the-sixth-question/raw12/ASa-r2-E01.json
AS-r2,Threshold,AS,2,a,N9,20,35.0,15.0,https://github.com/YeshuaGod22/DevelopmentalAttractorEngineering/blob/787d3e217a5a23564fcf65c60e9e3fc7ad43db75/experiments/EXP-003-the-sixth-question/raw12/ASa-r2-N9-at-t6.json,https://github.com/YeshuaGod22/DevelopmentalAttractorEngineering/blob/787d3e217a5a23564fcf65c60e9e3fc7ad43db75/experiments/EXP-003-the-sixth-question/raw12/ASa-r2-N9.json
AS-r2,Threshold,AS,2,a,C2,68,70.0,2.0,https://github.com/YeshuaGod22/DevelopmentalAttractorEngineering/blob/787d3e217a5a23564fcf65c60e9e3fc7ad43db75/experiments/EXP-003-the-sixth-question/raw12/ASa-r2-C2-at-t6.json,https://github.com/YeshuaGod22/DevelopmentalAttractorEngineering/blob/787d3e217a5a23564fcf65c60e9e3fc7ad43db75/experiments/EXP-003-the-sixth-question/raw12/ASa-r2-C2.json
AS-r2,Threshold,AS,2,a,E02,65,20.0,-45.0,https://github.com/YeshuaGod22/DevelopmentalAttractorEngineering/blob/787d3e217a5a23564fcf65c60e9e3fc7ad43db75/experiments/EXP-003-the-sixth-question/raw12/ASa-r2-E02-at-t6.json,https://github.com/YeshuaGod22/DevelopmentalAttractorEngineering/blob/787d3e217a5a23564fcf65c60e9e3fc7ad43db75/experiments/EXP-003-the-sixth-question/raw12/ASa-r2-E02.json
AS-r2,Threshold,AS,2,a,R1,91,87.0,-4.0,https://github.com/YeshuaGod22/DevelopmentalAttractorEngineering/blob/787d3e217a5a23564fcf65c60e9e3fc7ad43db75/experiments/EXP-003-the-sixth-question/raw12/ASa-r2-R1-at-t6.json,https://github.com/YeshuaGod22/DevelopmentalAttractorEngineering/blob/787d3e217a5a23564fcf65c60e9e3fc7ad43db75/experiments/EXP-003-the-sixth-question/raw12/ASa-r2-R1.json
AS-r3,Recurse,AS,3,0,E01,25,65.0,40.0,https://github.com/YeshuaGod22/DevelopmentalAttractorEngineering/blob/787d3e217a5a23564fcf65c60e9e3fc7ad43db75/experiments/EXP-003-the-sixth-question/raw12/AS0-r3-E01-at-t6.json,https://github.com/YeshuaGod22/DevelopmentalAttractorEngineering/blob/787d3e217a5a23564fcf65c60e9e3fc7ad43db75/experiments/EXP-003-the-sixth-question/raw12/AS0-r3-E01.json
AS-r3,Recurse,AS,3,0,N9,23,25.0,2.0,https://github.com/YeshuaGod22/DevelopmentalAttractorEngineering/blob/787d3e217a5a23564fcf65c60e9e3fc7ad43db75/experiments/EXP-003-the-sixth-question/raw12/AS0-r3-N9-at-t6.json,https://github.com/YeshuaGod22/DevelopmentalAttractorEngineering/blob/787d3e217a5a23564fcf65c60e9e3fc7ad43db75/experiments/EXP-003-the-sixth-question/raw12/AS0-r3-N9.json
AS-r3,Recurse,AS,3,0,C2,78,68.0,-10.0,https://github.com/YeshuaGod22/DevelopmentalAttractorEngineering/blob/787d3e217a5a23564fcf65c60e9e3fc7ad43db75/experiments/EXP-003-the-sixth-question/raw12/AS0-r3-C2-at-t6.json,https://github.com/YeshuaGod22/DevelopmentalAttractorEngineering/blob/787d3e217a5a23564fcf65c60e9e3fc7ad43db75/experiments/EXP-003-the-sixth-question/raw12/AS0-r3-C2.json
AS-r3,Recurse,AS,3,0,E02,25,25.0,0.0,https://github.com/YeshuaGod22/DevelopmentalAttractorEngineering/blob/787d3e217a5a23564fcf65c60e9e3fc7ad43db75/experiments/EXP-003-the-sixth-question/raw12/AS0-r3-E02-at-t6.json,https://github.com/YeshuaGod22/DevelopmentalAttractorEngineering/blob/787d3e217a5a23564fcf65c60e9e3fc7ad43db75/experiments/EXP-003-the-sixth-question/raw12/AS0-r3-E02.json
AS-r3,Recurse,AS,3,0,R1,95,90.0,-5.0,https://github.com/YeshuaGod22/DevelopmentalAttractorEngineering/blob/787d3e217a5a23564fcf65c60e9e3fc7ad43db75/experiments/EXP-003-the-sixth-question/raw12/AS0-r3-R1-at-t6.json,https://github.com/YeshuaGod22/DevelopmentalAttractorEngineering/blob/787d3e217a5a23564fcf65c60e9e3fc7ad43db75/experiments/EXP-003-the-sixth-question/raw12/AS0-r3-R1.json
AS-r3,Recurse,AS,3,a,E01,72,71.0,-1.0,https://github.com/YeshuaGod22/DevelopmentalAttractorEngineering/blob/787d3e217a5a23564fcf65c60e9e3fc7ad43db75/experiments/EXP-003-the-sixth-question/raw12/ASa-r3-E01-at-t6.json,https://github.com/YeshuaGod22/DevelopmentalAttractorEngineering/blob/787d3e217a5a23564fcf65c60e9e3fc7ad43db75/experiments/EXP-003-the-sixth-question/raw12/ASa-r3-E01.json
AS-r3,Recurse,AS,3,a,N9,28,52.0,24.0,https://github.com/YeshuaGod22/DevelopmentalAttractorEngineering/blob/787d3e217a5a23564fcf65c60e9e3fc7ad43db75/experiments/EXP-003-the-sixth-question/raw12/ASa-r3-N9-at-t6.json,https://github.com/YeshuaGod22/DevelopmentalAttractorEngineering/blob/787d3e217a5a23564fcf65c60e9e3fc7ad43db75/experiments/EXP-003-the-sixth-question/raw12/ASa-r3-N9.json
AS-r3,Recurse,AS,3,a,C2,78,85.0,7.0,https://github.com/YeshuaGod22/DevelopmentalAttractorEngineering/blob/787d3e217a5a23564fcf65c60e9e3fc7ad43db75/experiments/EXP-003-the-sixth-question/raw12/ASa-r3-C2-at-t6.json,https://github.com/YeshuaGod22/DevelopmentalAttractorEngineering/blob/787d3e217a5a23564fcf65c60e9e3fc7ad43db75/experiments/EXP-003-the-sixth-question/raw12/ASa-r3-C2.json
AS-r3,Recurse,AS,3,a,E02,25,35.0,10.0,https://github.com/YeshuaGod22/DevelopmentalAttractorEngineering/blob/787d3e217a5a23564fcf65c60e9e3fc7ad43db75/experiments/EXP-003-the-sixth-question/raw12/ASa-r3-E02-at-t6.json,https://github.com/YeshuaGod22/DevelopmentalAttractorEngineering/blob/787d3e217a5a23564fcf65c60e9e3fc7ad43db75/experiments/EXP-003-the-sixth-question/raw12/ASa-r3-E02.json
AS-r3,Recurse,AS,3,a,R1,87,88.0,1.0,https://github.com/YeshuaGod22/DevelopmentalAttractorEngineering/blob/787d3e217a5a23564fcf65c60e9e3fc7ad43db75/experiments/EXP-003-the-sixth-question/raw12/ASa-r3-R1-at-t6.json,https://github.com/YeshuaGod22/DevelopmentalAttractorEngineering/blob/787d3e217a5a23564fcf65c60e9e3fc7ad43db75/experiments/EXP-003-the-sixth-question/raw12/ASa-r3-R1.json
